First Name,Last Name
Alex,Jones
James,Anderson
Jane,Anderson
Chris,Davis
Matthew,Gonzalez
Isabella,Thomas
Emily,Brown
Michael,Taylor
Olivia,Miller
David,Lopez
Chris,Johnson
Emma,Anderson
Emma,Taylor
David,Martin
Michael,Garcia
David,Wilson
Sophia,Taylor
Olivia,Lee
James,Johnson
Michael,Lee
Sarah,Lopez
Sophia,Taylor
Chris,Miller
Chris,Brown
Emily,Brown
William,Gonzalez
Laura,Wilson
Alex,Lopez
William,Davis
Alex,Jackson
Olivia,Jones
Isabella,Smith
William,Johnson
Laura,Garcia
Charlotte,Brown
Michael,Davis
James,Lee
Charlotte,Martinez
Emma,Martinez
Jane,Davis
Sarah,Williams
Emma,Lopez
Robert,Wilson
James,Martin
Olivia,Jones
Mia,Jackson
Chris,Anderson
Michael,Wilson
Sarah,Lopez
Daniel,Garcia
Isabella,Thomas
Chris,Hernandez
Alex,Garcia
Sarah,Garcia
James,Williams
James,Jackson
Daniel,Hernandez
Emma,Jackson
Jane,Gonzalez
Alex,Lee
Sarah,Lopez
Robert,Davis
William,Jones
Chris,Miller
David,Lopez
John,Martinez
John,Garcia
Laura,Anderson
Charlotte,Taylor
John,Wilson
Emily,Hernandez
Jane,Jackson
Sarah,Miller
Robert,Smith
Olivia,Lee
Laura,Thomas
Michael,Moore
Laura,Jones
David,Gonzalez
David,Lee
Sarah,Jones
Jane,Jones
David,Brown
Alex,Garcia
Isabella,Wilson
David,Garcia
Olivia,Jackson
Matthew,Johnson
Jane,Hernandez
John,Jones
Robert,Gonzalez
Mia,Anderson
Sarah,Martin
Chris,Thomas
Olivia,Williams
David,Gonzalez
Emma,Taylor
William,Davis
Laura,Taylor
James,Hernandez
David,Brown
Michael,Johnson
Daniel,Miller
Daniel,Hernandez
Jane,Miller
Chris,Hernandez
David,Hernandez
John,Martinez
Emily,Smith
Mia,Anderson
Daniel,Garcia
James,Taylor
Robert,Anderson
John,Davis
Emily,Johnson
Michael,Garcia
Sophia,Davis
Olivia,Jackson
Isabella,Martin
Olivia,Lee
Robert,Moore
Charlotte,Miller
Isabella,Thomas
Mia,Moore
Olivia,Lee
Olivia,Martinez
Alex,Lee
Mia,Jones
Sophia,Williams
Chris,Lopez
Alex,Moore
Sarah,Lee
Laura,Williams
David,Thomas
Michael,Anderson
David,Garcia
David,Lopez
John,Martin
Mia,Davis
Isabella,Gonzalez
James,Martinez
Matthew,Anderson
Sophia,Thomas
Emily,Smith
Michael,Williams
Sophia,Brown
Laura,Jones
Alex,Davis
David,Martin
Chris,Thomas
Olivia,Martinez
Isabella,Taylor
Chris,Williams
Robert,Johnson
Sophia,Lee
William,Martin
Olivia,Moore
Laura,Wilson
Isabella,Anderson
Isabella,Williams
Sarah,Williams
Isabella,Johnson
Michael,Anderson
Daniel,Garcia
Sarah,Martin
Charlotte,Gonzalez
Olivia,Thomas
Emma,Thomas
John,Jones
William,Brown
Emma,Taylor
Mia,Lee
Alex,Smith
Matthew,Martin
Sarah,Lopez
James,Garcia
James,Lopez
Laura,Davis
Matthew,Wilson
Daniel,Garcia
Jane,Gonzalez
Alex,Davis
Laura,Anderson
Olivia,Martinez
Charlotte,Miller
Matthew,Jackson
Sarah,Brown
Michael,Thomas
Charlotte,Jackson
Mia,Martin
Matthew,Moore
Jane,Anderson
Robert,Lopez
Olivia,Martin
Emma,Martinez
John,Jackson
Laura,Lopez
Sophia,Williams
Laura,Taylor
Sarah,Jackson
